,l_value,mse
0,0.01,1.1316668021092517e-05
1,0.1,8.212956244068162e-06
2,1.0,7.923798204799112e-06
3,5.0,5.679857030711473e-06
4,10.0,3.4172204172025734e-06
