,l_value,mse
0,0.01,2.7514930133520594e-05
1,0.1,2.7491072100701828e-05
2,1.0,2.5255847437195925e-05
3,5.0,1.0441308451518763e-05
4,10.0,8.288944659350514e-06
