,l_value,mse
0,0.01,1.118251395553847e-05
1,0.1,8.077223285655198e-06
2,1.0,7.789076400577028e-06
3,5.0,5.561796593675646e-06
4,10.0,3.3435159991611603e-06
