,c_value,gamma_value,mse
0,0.25,0.0001,0.12446353656144223
1,0.5,0.0001,0.12051980677108257
2,1.0,0.0001,0.10683567446736003
3,5.0,0.0001,0.02280280283972626
4,0.25,0.001,0.022889712542024553
5,0.5,0.001,0.02284019092239773
6,1.0,0.001,0.022807210638735448
7,5.0,0.001,0.02279538114119108
8,0.25,0.01,0.022795378113037876
9,0.5,0.01,0.022795378113037876
10,1.0,0.01,0.022795378113037876
11,5.0,0.01,0.022795378113037876
