,c_value,gamma_value,mse
0,0.25,0.0001,2.363022793834927
1,0.5,0.0001,2.3600346735796047
2,1.0,0.0001,2.3697391699194728
3,5.0,0.0001,0.37285609621367316
4,0.25,0.001,0.37204057419602266
5,0.5,0.001,0.372040574197387
6,1.0,0.001,0.3720405741995279
7,5.0,0.001,0.3720405741995279
8,0.25,0.01,0.3720405741995279
9,0.5,0.01,0.3720405741995279
10,1.0,0.01,0.3720405741995279
11,5.0,0.01,0.3720405741995279
