,l_value,mse
0,0.01,0.00044675821667765537
1,0.1,5.8511232521714396e-05
2,1.0,7.898687449214893e-06
3,5.0,0.00040508099385925037
4,10.0,0.0017236076407195718
