,l_value,mse
0,0.01,0.00045231027537125074
1,0.1,5.949534166311822e-05
2,1.0,8.033527172167858e-06
3,5.0,0.0004051194063857014
4,10.0,0.0017236399173086118
