,l_value,mse
0,0.01,0.0003641178471458865
1,0.1,0.00017910571892341482
2,1.0,2.7519564640026723e-05
3,5.0,2.9723575145524698e-05
4,10.0,8.73647616860822e-05
