,c_value,gamma_value,mse
0,0.25,0.0001,0.00039705474052283997
1,0.5,0.0001,0.0003984764750758956
2,1.0,0.0001,0.00040422381781351157
3,5.0,0.0001,0.0005035020261804479
4,0.25,0.001,0.0005201533637876314
5,0.5,0.001,0.0006559175653255803
6,1.0,0.001,0.0006028688214780814
7,5.0,0.001,0.0005015883706775802
8,0.25,0.01,9.463218154006657e-05
9,0.5,0.01,0.0003332793321932906
10,1.0,0.01,0.00010693581476679696
11,5.0,0.01,0.0004913450873399528
