,c_value,gamma_value,mse
0,0.25,0.0001,0.008523454550495631
1,0.5,0.0001,0.008563660696096698
2,1.0,0.0001,0.008562659395915656
3,5.0,0.0001,0.010159822387883453
4,0.25,0.001,0.15557140248944082
5,0.5,0.001,0.04055547808292181
6,1.0,0.001,0.1390521277727344
7,5.0,0.001,0.010051984458310992
8,0.25,0.01,0.0015642312887451265
9,0.5,0.01,0.0019757649394313813
10,1.0,0.01,0.002052794936414203
11,5.0,0.01,0.009964080458347024
