,l_value,mse
0,0.01,1.363779139983231
1,0.1,1.363779139983231
2,1.0,1.363779139984058
3,5.0,1.377041617637914
4,10.0,1.3976125229692145
