,l_value,mse
0,0.01,0.001086782549320416
1,0.1,0.0010889346292242794
2,1.0,0.0011234663135435872
3,5.0,0.0011177826380439624
4,10.0,0.0010881738135540067
