,l_value,mse
0,0.01,1.3841516076418847
1,0.1,1.3841516076418847
2,1.0,1.3841516076419123
3,5.0,1.3971491609332276
4,10.0,1.4180052815481432
