,c_value,gamma_value,mse
0,0.25,0.0001,522762652680.1624
1,0.5,0.0001,522762750185.556
2,1.0,0.0001,522798847306.0826
3,5.0,0.0001,522893490043.9734
4,0.25,0.001,522489708498.6363
5,0.5,0.001,522489555819.57715
6,1.0,0.001,522489405859.10364
7,5.0,0.001,522489318037.187
8,0.25,0.01,522489317889.96136
9,0.5,0.01,522489317889.4325
10,1.0,0.01,522489317889.18866
11,5.0,0.01,522489317889.0866
