,l_value,mse
0,0.01,0.012336432459685532
1,0.1,0.0024213470815288235
2,1.0,0.00010661872089378076
3,5.0,0.5413877422821044
4,10.0,1.1788517253116244
