,l_value,mse
0,0.01,0.00033897358878869104
1,0.1,0.00025621200971011815
2,1.0,3.808424638774485e-05
3,5.0,0.00038027665551147483
4,10.0,0.0008102749721070482
