,l_value,mse
0,0.01,0.05811534905628501
1,0.1,0.03767844461920197
2,1.0,0.005358995185368709
3,5.0,0.542774837608657
4,10.0,1.179538799892211
