,c_value,gamma_value,mse
0,0.25,0.0001,1.3611207775847578
1,0.5,0.0001,1.3581510419880238
2,1.0,0.0001,1.3576728348201248
3,5.0,0.0001,1.3919271870201297
4,0.25,0.001,1.5462191286732054
5,0.5,0.001,1.9945432414332567
6,1.0,0.001,1.345704528700982
7,5.0,0.001,1.3963333378569818
8,0.25,0.01,1.2832451478708344
9,0.5,0.01,1.2748953989323177
10,1.0,0.01,1.351285586923831
11,5.0,0.01,1.3941615264127523
