,c_value,gamma_value,mse
0,0.25,0.0001,0.000936295719446592
1,0.5,0.0001,0.000934458728839902
2,1.0,0.0001,0.0009343929210998609
3,5.0,0.0001,0.0009567988428121757
4,0.25,0.001,0.0010848686306349855
5,0.5,0.001,0.0014202633876664382
6,1.0,0.001,0.0009270552810311748
7,5.0,0.001,0.0009597631561913326
8,0.25,0.01,0.0008852593427048696
9,0.5,0.01,0.0008821403325254473
10,1.0,0.01,0.0009410746065775543
11,5.0,0.01,0.0009582174103391543
