,l_value,mse
0,0.01,0.0529230303291411
1,0.1,0.052873090175358455
2,1.0,0.05281364179816452
3,5.0,0.05280832222025491
4,10.0,0.05280811151171497
