,l_value,mse
0,0.01,0.0031739215025608893
1,0.1,0.003168402379436804
2,1.0,0.00316753403147232
3,5.0,0.0031695926103433693
4,10.0,0.00317472671539639
