,l_value,mse
0,0.01,0.05292194587100266
1,0.1,0.052871900581115246
2,1.0,0.05281254016632687
3,5.0,0.05280724120290927
4,10.0,0.052807067029537774
