,c_value,gamma_value,mse
0,0.25,0.0001,0.41524395157573313
1,0.5,0.0001,2.876824508147675
2,1.0,0.0001,0.45795865878856773
3,5.0,0.0001,93.52529450182602
4,0.25,0.001,0.2708956666926819
5,0.5,0.001,0.29996575629010724
6,1.0,0.001,0.2618880125925937
7,5.0,0.001,0.2327639510232613
8,0.25,0.01,0.2698833264277109
9,0.5,0.01,0.2487401688404568
10,1.0,0.01,0.24752826589018515
11,5.0,0.01,0.241274726292041
