,c_value,gamma_value,mse
0,0.25,0.0001,0.01167741871916982
1,0.5,0.0001,0.011631592296288467
2,1.0,0.0001,0.011544153966885644
3,5.0,0.0001,0.003128257346574598
4,0.25,0.001,0.0034732076207821708
5,0.5,0.001,0.003289450672570709
6,1.0,0.001,0.0031552172712321328
7,5.0,0.001,0.003105878490184295
8,0.25,0.01,0.0031058663599407605
9,0.5,0.01,0.0031058663599407605
10,1.0,0.01,0.0031058663599407605
11,5.0,0.01,0.0031058663599407605
