,l_value,mse
0,0.01,0.0005564643090546751
1,0.1,5.9661002673214084e-05
2,1.0,2.7045221593435336e-05
3,5.0,0.0052048602357437305
4,10.0,0.013803540096345003
