,l_value,mse
0,0.01,0.0003645720152615884
1,0.1,0.00017922192499657193
2,1.0,2.8721580678683406e-05
3,5.0,0.00019436350101420869
4,10.0,0.00042132200762915687
