,l_value,mse
0,0.01,0.0015425240560597079
1,0.1,0.0002344763183109147
2,1.0,5.099525958636126e-05
3,5.0,0.005211278637943812
4,10.0,0.01380935311994807
