,c_value,gamma_value,mse
0,0.25,0.0001,0.0010644726862577847
1,0.5,0.0001,0.001067783443587208
2,1.0,0.0001,0.0010819030974778736
3,5.0,0.0001,0.0013196653843583891
4,0.25,0.001,0.001314421545457687
5,0.5,0.001,0.001591279940012727
6,1.0,0.001,0.0014832317294646126
7,5.0,0.001,0.0013150873739922902
8,0.25,0.01,0.0004261385830347516
9,0.5,0.01,0.0009060022538165844
10,1.0,0.01,0.00046762274210853207
11,5.0,0.01,0.001287224974215321
