,c_value,gamma_value,mse
0,0.25,0.0001,0.03998062309948637
1,0.5,0.0001,0.04016689562953813
2,1.0,0.0001,0.04011289710734711
3,5.0,0.0001,0.040670207231835696
4,0.25,0.001,0.7446219726348672
5,0.5,0.001,0.1933893326615821
6,1.0,0.001,0.665309075124876
7,5.0,0.001,0.040627940630627475
8,0.25,0.01,0.01165078899526829
9,0.5,0.01,0.012552994485330253
10,1.0,0.01,0.015117930253808434
11,5.0,0.01,0.04312790839043029
